r2_score_train,r2_score_test,rmse_train,rmse_test
1.0,0.9755556275865849,0.0,1.351632401756051
