r2_score_train,r2_score_test,rmse_train,rmse_test
0.9943708692100546,0.9725664415840072,0.6569291307585055,1.4318918603375905
